series_id,surface,base_temperature,monday_is_day_off,tuesday_is_day_off,wednesday_is_day_off,thursday_is_day_off,friday_is_day_off,saturday_is_day_off,sunday_is_day_off
101527,x-small,low,FALSE,FALSE,FALSE,FALSE,FALSE,TRUE,TRUE
102214,x-small,low,FALSE,FALSE,FALSE,FALSE,FALSE,TRUE,TRUE
103177,small,low,FALSE,FALSE,FALSE,FALSE,FALSE,TRUE,TRUE
100852,large,low,FALSE,FALSE,FALSE,FALSE,FALSE,TRUE,TRUE
100904,xx-small,low,FALSE,FALSE,FALSE,FALSE,FALSE,TRUE,TRUE
101449,large,low,FALSE,FALSE,FALSE,FALSE,FALSE,TRUE,TRUE
100450,x-small,low,FALSE,FALSE,FALSE,FALSE,FALSE,TRUE,TRUE
102606,x-large,low,FALSE,FALSE,FALSE,FALSE,FALSE,TRUE,TRUE
100894,xx-small,low,FALSE,FALSE,FALSE,FALSE,FALSE,TRUE,TRUE
101203,x-large,low,FALSE,FALSE,FALSE,FALSE,FALSE,TRUE,TRUE
101926,medium,low,FALSE,FALSE,FALSE,FALSE,FALSE,TRUE,TRUE
102684,xx-small,low,FALSE,FALSE,FALSE,FALSE,FALSE,TRUE,TRUE
102886,x-small,low,FALSE,FALSE,FALSE,FALSE,FALSE,TRUE,TRUE
101558,small,low,FALSE,FALSE,FALSE,FALSE,FALSE,TRUE,TRUE
100548,x-large,low,FALSE,FALSE,FALSE,FALSE,FALSE,TRUE,TRUE
100923,x-small,low,FALSE,FALSE,FALSE,FALSE,FALSE,TRUE,TRUE
101079,x-large,low,FALSE,FALSE,FALSE,FALSE,FALSE,TRUE,TRUE
101534,xx-large,low,FALSE,FALSE,FALSE,FALSE,FALSE,TRUE,TRUE
101818,x-large,low,FALSE,FALSE,FALSE,FALSE,FALSE,FALSE,TRUE
102093,x-small,low,FALSE,FALSE,FALSE,FALSE,FALSE,TRUE,TRUE
102130,xx-small,low,FALSE,FALSE,FALSE,FALSE,FALSE,TRUE,TRUE
101370,xx-large,low,FALSE,FALSE,FALSE,FALSE,FALSE,TRUE,TRUE
101806,x-large,low,FALSE,FALSE,FALSE,FALSE,FALSE,TRUE,TRUE
101038,large,low,FALSE,FALSE,FALSE,FALSE,FALSE,TRUE,TRUE
101504,x-large,low,FALSE,FALSE,FALSE,FALSE,FALSE,TRUE,TRUE
102030,x-large,low,FALSE,FALSE,FALSE,FALSE,FALSE,TRUE,TRUE
102897,x-large,low,FALSE,FALSE,FALSE,FALSE,FALSE,TRUE,TRUE
103080,large,low,FALSE,FALSE,FALSE,FALSE,FALSE,TRUE,TRUE
103442,medium,low,FALSE,FALSE,FALSE,FALSE,FALSE,TRUE,TRUE
100345,x-small,low,FALSE,FALSE,FALSE,FALSE,FALSE,TRUE,TRUE
101663,x-large,low,FALSE,FALSE,FALSE,FALSE,FALSE,TRUE,TRUE
101743,x-large,low,FALSE,FALSE,FALSE,FALSE,FALSE,TRUE,TRUE
101794,x-small,low,FALSE,FALSE,FALSE,FALSE,FALSE,FALSE,FALSE
103191,x-large,low,FALSE,FALSE,FALSE,FALSE,FALSE,TRUE,TRUE
100980,x-large,low,FALSE,FALSE,FALSE,FALSE,FALSE,TRUE,TRUE
102763,x-large,low,FALSE,FALSE,FALSE,FALSE,FALSE,TRUE,TRUE
103041,x-small,low,FALSE,FALSE,FALSE,FALSE,FALSE,TRUE,TRUE
101362,xx-large,low,FALSE,FALSE,FALSE,FALSE,FALSE,TRUE,TRUE
101371,x-small,low,FALSE,FALSE,FALSE,FALSE,FALSE,TRUE,TRUE
100540,large,low,FALSE,FALSE,FALSE,FALSE,FALSE,TRUE,TRUE
100560,medium,low,FALSE,FALSE,FALSE,FALSE,FALSE,TRUE,TRUE
101107,x-small,low,FALSE,FALSE,FALSE,FALSE,FALSE,TRUE,TRUE
103457,xx-large,low,FALSE,FALSE,FALSE,FALSE,FALSE,FALSE,TRUE
103582,medium,low,FALSE,FALSE,FALSE,FALSE,FALSE,TRUE,TRUE
100607,large,low,FALSE,FALSE,FALSE,FALSE,FALSE,TRUE,TRUE
101792,xx-large,low,FALSE,FALSE,FALSE,FALSE,FALSE,FALSE,TRUE
101961,xx-small,low,FALSE,FALSE,FALSE,FALSE,FALSE,TRUE,TRUE
102609,x-large,low,FALSE,FALSE,FALSE,FALSE,FALSE,TRUE,TRUE
102913,medium,low,FALSE,FALSE,FALSE,FALSE,FALSE,TRUE,TRUE
103276,xx-small,low,FALSE,FALSE,FALSE,FALSE,FALSE,TRUE,TRUE
103625,x-large,low,FALSE,FALSE,FALSE,FALSE,FALSE,TRUE,TRUE
102841,x-large,low,FALSE,FALSE,FALSE,FALSE,FALSE,TRUE,TRUE
103264,small,low,FALSE,FALSE,FALSE,FALSE,FALSE,TRUE,TRUE
103334,x-large,low,FALSE,FALSE,FALSE,FALSE,FALSE,TRUE,TRUE
102690,x-large,low,FALSE,FALSE,FALSE,FALSE,FALSE,TRUE,TRUE
100118,x-large,low,FALSE,FALSE,FALSE,FALSE,FALSE,TRUE,TRUE
102162,medium,low,FALSE,FALSE,FALSE,FALSE,FALSE,TRUE,TRUE
101786,x-large,low,FALSE,FALSE,FALSE,FALSE,FALSE,TRUE,TRUE
102530,x-large,low,FALSE,FALSE,FALSE,FALSE,FALSE,FALSE,TRUE
103627,xx-large,low,FALSE,FALSE,FALSE,FALSE,FALSE,TRUE,TRUE
100958,x-small,low,FALSE,FALSE,FALSE,FALSE,FALSE,TRUE,TRUE
102187,xx-large,low,FALSE,FALSE,FALSE,FALSE,FALSE,TRUE,TRUE
102974,small,low,FALSE,FALSE,FALSE,FALSE,FALSE,FALSE,FALSE
102989,xx-small,low,FALSE,FALSE,FALSE,FALSE,FALSE,TRUE,TRUE
100200,x-large,low,FALSE,FALSE,FALSE,FALSE,FALSE,TRUE,TRUE
100836,small,low,FALSE,FALSE,FALSE,FALSE,FALSE,FALSE,FALSE
100719,small,high,FALSE,FALSE,FALSE,FALSE,FALSE,FALSE,FALSE
100839,x-large,low,FALSE,FALSE,FALSE,FALSE,FALSE,TRUE,TRUE
101697,x-large,low,FALSE,FALSE,FALSE,FALSE,FALSE,TRUE,TRUE
102291,x-large,low,FALSE,FALSE,FALSE,FALSE,FALSE,TRUE,TRUE
103568,xx-small,low,FALSE,FALSE,FALSE,FALSE,FALSE,TRUE,TRUE
101811,xx-small,low,FALSE,FALSE,FALSE,FALSE,FALSE,TRUE,TRUE
103145,x-small,low,FALSE,FALSE,FALSE,FALSE,FALSE,TRUE,TRUE
100247,medium,low,FALSE,FALSE,FALSE,FALSE,FALSE,FALSE,FALSE
102237,x-large,low,FALSE,FALSE,FALSE,FALSE,FALSE,TRUE,TRUE
102621,small,low,FALSE,FALSE,FALSE,FALSE,FALSE,FALSE,FALSE
102899,small,low,FALSE,FALSE,FALSE,FALSE,FALSE,TRUE,TRUE
100903,x-large,low,FALSE,FALSE,FALSE,FALSE,FALSE,TRUE,TRUE
102691,large,low,FALSE,FALSE,FALSE,FALSE,FALSE,TRUE,TRUE
101384,x-large,low,FALSE,FALSE,FALSE,FALSE,FALSE,TRUE,TRUE
102599,large,low,FALSE,FALSE,FALSE,FALSE,FALSE,TRUE,TRUE
102981,x-large,low,FALSE,FALSE,FALSE,FALSE,FALSE,TRUE,TRUE
103016,large,low,FALSE,FALSE,FALSE,FALSE,FALSE,TRUE,TRUE
101569,x-large,low,FALSE,FALSE,FALSE,FALSE,FALSE,TRUE,TRUE
100170,xx-small,low,FALSE,FALSE,FALSE,FALSE,FALSE,TRUE,TRUE
100940,medium,low,FALSE,FALSE,FALSE,FALSE,FALSE,TRUE,TRUE
102535,xx-small,low,FALSE,FALSE,FALSE,FALSE,FALSE,TRUE,TRUE
103378,x-small,low,FALSE,FALSE,FALSE,FALSE,FALSE,TRUE,TRUE
101283,x-large,low,FALSE,FALSE,FALSE,FALSE,FALSE,TRUE,TRUE
101855,x-large,low,FALSE,FALSE,FALSE,FALSE,FALSE,TRUE,TRUE
102866,small,low,FALSE,FALSE,FALSE,FALSE,FALSE,FALSE,FALSE
101403,medium,low,FALSE,FALSE,FALSE,FALSE,FALSE,TRUE,TRUE
102597,x-large,low,FALSE,FALSE,FALSE,FALSE,FALSE,TRUE,TRUE
100176,x-large,low,FALSE,FALSE,FALSE,FALSE,FALSE,TRUE,TRUE
101049,small,low,FALSE,FALSE,FALSE,FALSE,FALSE,TRUE,TRUE
101053,x-small,low,FALSE,FALSE,FALSE,FALSE,FALSE,TRUE,TRUE
102792,x-large,low,FALSE,FALSE,FALSE,FALSE,FALSE,TRUE,TRUE
100121,x-large,low,FALSE,FALSE,FALSE,FALSE,FALSE,TRUE,TRUE
100504,small,low,FALSE,FALSE,FALSE,FALSE,FALSE,TRUE,TRUE
102795,large,low,FALSE,FALSE,FALSE,FALSE,FALSE,TRUE,TRUE
100567,xx-small,low,FALSE,FALSE,FALSE,FALSE,FALSE,TRUE,TRUE
101083,x-small,low,FALSE,FALSE,FALSE,FALSE,FALSE,TRUE,TRUE
101487,xx-small,low,FALSE,FALSE,FALSE,FALSE,FALSE,TRUE,TRUE
101936,xx-large,low,FALSE,FALSE,FALSE,FALSE,FALSE,TRUE,TRUE
103165,small,low,FALSE,FALSE,FALSE,FALSE,FALSE,TRUE,TRUE
102478,x-small,low,FALSE,FALSE,FALSE,FALSE,FALSE,TRUE,TRUE
103466,medium,low,FALSE,FALSE,FALSE,FALSE,FALSE,TRUE,TRUE
100572,small,low,FALSE,FALSE,FALSE,FALSE,FALSE,FALSE,FALSE
103370,xx-large,low,FALSE,FALSE,FALSE,FALSE,TRUE,TRUE,TRUE
101444,xx-small,low,FALSE,FALSE,FALSE,FALSE,FALSE,TRUE,TRUE
100788,x-small,low,FALSE,FALSE,FALSE,FALSE,FALSE,TRUE,TRUE
101100,x-small,low,FALSE,FALSE,FALSE,FALSE,FALSE,TRUE,TRUE
102709,xx-large,low,FALSE,FALSE,FALSE,FALSE,FALSE,TRUE,TRUE
103266,x-large,low,FALSE,FALSE,FALSE,FALSE,FALSE,TRUE,TRUE
103322,medium,low,FALSE,FALSE,FALSE,FALSE,FALSE,TRUE,TRUE
103430,xx-small,low,FALSE,FALSE,FALSE,FALSE,FALSE,TRUE,TRUE
100377,medium,low,FALSE,FALSE,FALSE,FALSE,FALSE,TRUE,TRUE
100596,small,low,FALSE,FALSE,FALSE,FALSE,FALSE,TRUE,TRUE
101833,x-large,low,FALSE,FALSE,FALSE,FALSE,FALSE,TRUE,TRUE
102875,medium,low,FALSE,FALSE,FALSE,FALSE,FALSE,TRUE,TRUE
103320,medium,low,FALSE,FALSE,FALSE,FALSE,FALSE,TRUE,TRUE
100045,xx-small,low,FALSE,FALSE,FALSE,FALSE,FALSE,TRUE,TRUE
100391,small,low,FALSE,FALSE,FALSE,FALSE,FALSE,FALSE,FALSE
102194,x-large,low,FALSE,FALSE,FALSE,FALSE,FALSE,TRUE,TRUE
103050,medium,low,FALSE,FALSE,FALSE,FALSE,FALSE,TRUE,TRUE
101708,x-large,low,FALSE,FALSE,FALSE,FALSE,FALSE,TRUE,TRUE
102653,x-large,low,FALSE,FALSE,FALSE,FALSE,FALSE,TRUE,TRUE
100754,xx-small,low,FALSE,FALSE,FALSE,FALSE,FALSE,TRUE,TRUE
102817,xx-large,low,FALSE,FALSE,FALSE,FALSE,FALSE,TRUE,TRUE
101060,x-large,low,FALSE,FALSE,FALSE,FALSE,FALSE,TRUE,TRUE
101763,x-small,low,FALSE,FALSE,FALSE,FALSE,FALSE,TRUE,TRUE
101938,small,low,FALSE,FALSE,FALSE,FALSE,FALSE,FALSE,FALSE
102423,x-small,low,FALSE,FALSE,FALSE,FALSE,FALSE,TRUE,TRUE
103116,small,low,FALSE,FALSE,FALSE,FALSE,FALSE,FALSE,FALSE
102141,x-large,low,FALSE,FALSE,FALSE,FALSE,FALSE,TRUE,TRUE
101348,x-small,low,FALSE,FALSE,FALSE,FALSE,FALSE,TRUE,TRUE
101517,x-small,low,FALSE,FALSE,FALSE,FALSE,FALSE,FALSE,FALSE
101956,small,low,FALSE,FALSE,FALSE,FALSE,FALSE,FALSE,FALSE
103105,x-large,low,FALSE,FALSE,FALSE,FALSE,FALSE,TRUE,TRUE
100354,xx-large,low,FALSE,FALSE,FALSE,FALSE,TRUE,TRUE,TRUE
101690,x-small,low,FALSE,FALSE,FALSE,FALSE,FALSE,TRUE,TRUE
102495,x-small,low,FALSE,FALSE,FALSE,FALSE,FALSE,TRUE,TRUE
103182,x-small,low,FALSE,FALSE,FALSE,FALSE,FALSE,TRUE,TRUE
100244,xx-large,low,FALSE,FALSE,FALSE,FALSE,TRUE,TRUE,TRUE
100644,x-large,low,FALSE,FALSE,FALSE,FALSE,FALSE,TRUE,TRUE
101180,x-large,low,FALSE,FALSE,FALSE,FALSE,FALSE,TRUE,TRUE
101248,x-small,low,FALSE,FALSE,FALSE,FALSE,FALSE,FALSE,FALSE
102670,medium,low,FALSE,FALSE,FALSE,FALSE,FALSE,TRUE,TRUE
100979,xx-large,low,FALSE,FALSE,FALSE,FALSE,FALSE,FALSE,TRUE
101832,x-large,low,FALSE,FALSE,FALSE,FALSE,FALSE,TRUE,TRUE
102407,xx-large,low,FALSE,FALSE,FALSE,FALSE,FALSE,TRUE,TRUE
100976,x-small,low,FALSE,FALSE,FALSE,FALSE,FALSE,TRUE,TRUE
102087,medium,low,FALSE,FALSE,FALSE,FALSE,FALSE,TRUE,TRUE
103068,x-small,low,FALSE,FALSE,FALSE,FALSE,FALSE,TRUE,TRUE
103600,x-small,low,FALSE,FALSE,FALSE,FALSE,FALSE,TRUE,TRUE
100214,small,low,FALSE,FALSE,FALSE,FALSE,FALSE,TRUE,TRUE
101967,x-large,low,FALSE,FALSE,FALSE,FALSE,FALSE,TRUE,TRUE
102620,xx-small,low,FALSE,FALSE,FALSE,FALSE,FALSE,TRUE,TRUE
103179,x-large,low,FALSE,FALSE,FALSE,FALSE,FALSE,FALSE,TRUE
101252,xx-large,low,FALSE,FALSE,FALSE,FALSE,FALSE,TRUE,TRUE
100208,x-large,low,FALSE,FALSE,FALSE,FALSE,FALSE,TRUE,TRUE
100524,x-small,low,FALSE,FALSE,FALSE,FALSE,FALSE,TRUE,TRUE
101378,xx-large,low,FALSE,FALSE,FALSE,FALSE,FALSE,TRUE,TRUE
101717,x-large,low,FALSE,FALSE,FALSE,FALSE,FALSE,TRUE,TRUE
102834,x-large,low,FALSE,FALSE,FALSE,FALSE,FALSE,TRUE,TRUE
103015,large,low,FALSE,FALSE,FALSE,FALSE,FALSE,TRUE,TRUE
101561,xx-large,low,FALSE,FALSE,FALSE,FALSE,TRUE,TRUE,TRUE
101598,x-small,low,FALSE,FALSE,FALSE,FALSE,FALSE,TRUE,TRUE
102997,x-small,low,FALSE,FALSE,FALSE,FALSE,FALSE,TRUE,TRUE
102571,small,low,FALSE,FALSE,FALSE,FALSE,FALSE,TRUE,TRUE
102064,x-small,low,FALSE,FALSE,FALSE,FALSE,FALSE,TRUE,TRUE
103607,small,low,FALSE,FALSE,FALSE,FALSE,FALSE,TRUE,TRUE
101125,xx-small,low,FALSE,FALSE,FALSE,FALSE,FALSE,TRUE,TRUE
101892,x-small,low,FALSE,FALSE,FALSE,FALSE,FALSE,TRUE,TRUE
102885,xx-small,low,FALSE,FALSE,FALSE,FALSE,FALSE,TRUE,TRUE
103583,x-small,low,FALSE,FALSE,FALSE,FALSE,FALSE,TRUE,TRUE
101969,small,low,FALSE,FALSE,FALSE,FALSE,FALSE,TRUE,TRUE
103408,large,low,FALSE,FALSE,FALSE,FALSE,FALSE,TRUE,TRUE
100616,x-small,low,FALSE,FALSE,FALSE,FALSE,FALSE,TRUE,TRUE
101995,small,low,FALSE,FALSE,FALSE,FALSE,FALSE,TRUE,TRUE
102435,medium,low,FALSE,FALSE,FALSE,FALSE,FALSE,TRUE,TRUE
103437,small,low,FALSE,FALSE,FALSE,FALSE,FALSE,TRUE,TRUE
100271,xx-small,low,FALSE,FALSE,FALSE,FALSE,FALSE,FALSE,FALSE
100291,medium,low,FALSE,FALSE,FALSE,FALSE,FALSE,TRUE,TRUE
101490,xx-large,low,FALSE,FALSE,FALSE,FALSE,FALSE,TRUE,TRUE
103261,x-large,low,FALSE,FALSE,FALSE,FALSE,FALSE,TRUE,TRUE
100615,xx-small,low,FALSE,FALSE,FALSE,FALSE,FALSE,TRUE,TRUE
101970,medium,low,FALSE,FALSE,FALSE,FALSE,FALSE,TRUE,TRUE
101249,x-small,low,FALSE,FALSE,FALSE,FALSE,FALSE,TRUE,FALSE
102728,large,low,FALSE,FALSE,FALSE,FALSE,FALSE,TRUE,TRUE
100794,small,high,FALSE,FALSE,FALSE,FALSE,FALSE,FALSE,FALSE
103159,small,low,FALSE,FALSE,FALSE,FALSE,FALSE,TRUE,TRUE
100854,x-large,low,FALSE,FALSE,FALSE,FALSE,FALSE,TRUE,TRUE
102422,xx-large,low,FALSE,FALSE,FALSE,FALSE,FALSE,TRUE,TRUE
103152,medium,low,FALSE,FALSE,FALSE,FALSE,FALSE,TRUE,TRUE
100822,xx-small,high,FALSE,FALSE,FALSE,FALSE,FALSE,FALSE,FALSE
100737,x-large,low,FALSE,FALSE,FALSE,FALSE,FALSE,TRUE,TRUE
101644,xx-small,high,FALSE,FALSE,FALSE,FALSE,FALSE,FALSE,FALSE
102252,large,low,FALSE,FALSE,FALSE,FALSE,FALSE,TRUE,TRUE
102336,x-small,low,FALSE,FALSE,FALSE,FALSE,FALSE,TRUE,TRUE
100590,xx-small,low,FALSE,FALSE,FALSE,FALSE,FALSE,TRUE,TRUE
100865,x-small,low,FALSE,FALSE,FALSE,FALSE,FALSE,TRUE,TRUE
101480,x-large,low,FALSE,FALSE,FALSE,FALSE,FALSE,TRUE,TRUE
100827,x-large,low,FALSE,FALSE,FALSE,FALSE,FALSE,FALSE,TRUE
100847,x-small,low,FALSE,FALSE,FALSE,FALSE,FALSE,TRUE,TRUE
101225,xx-small,low,FALSE,FALSE,FALSE,FALSE,FALSE,TRUE,TRUE
102829,small,low,FALSE,FALSE,FALSE,FALSE,FALSE,FALSE,FALSE
101447,xx-large,low,FALSE,FALSE,FALSE,FALSE,FALSE,TRUE,TRUE
101671,x-large,low,FALSE,FALSE,FALSE,FALSE,FALSE,TRUE,TRUE
103082,medium,low,FALSE,FALSE,FALSE,FALSE,FALSE,FALSE,FALSE
100866,xx-large,low,FALSE,FALSE,FALSE,FALSE,TRUE,TRUE,TRUE
100137,x-large,low,FALSE,FALSE,FALSE,FALSE,FALSE,TRUE,TRUE
100632,x-small,low,FALSE,FALSE,FALSE,FALSE,FALSE,TRUE,TRUE
101342,x-large,low,FALSE,FALSE,FALSE,FALSE,FALSE,TRUE,TRUE
102514,x-large,low,FALSE,FALSE,FALSE,FALSE,FALSE,FALSE,TRUE
101954,xx-large,low,FALSE,FALSE,FALSE,FALSE,FALSE,TRUE,TRUE
102220,large,low,FALSE,FALSE,FALSE,FALSE,FALSE,TRUE,TRUE
102321,x-small,low,FALSE,FALSE,FALSE,FALSE,FALSE,TRUE,TRUE
103412,x-large,low,FALSE,FALSE,FALSE,FALSE,FALSE,TRUE,TRUE
100431,x-large,low,FALSE,FALSE,FALSE,FALSE,FALSE,TRUE,TRUE
100841,x-large,low,FALSE,FALSE,FALSE,FALSE,FALSE,TRUE,TRUE
101405,xx-large,low,FALSE,FALSE,FALSE,FALSE,FALSE,TRUE,TRUE
101422,large,low,FALSE,FALSE,FALSE,FALSE,FALSE,TRUE,TRUE
101757,x-small,low,FALSE,FALSE,FALSE,FALSE,FALSE,TRUE,TRUE
103278,small,low,FALSE,FALSE,FALSE,FALSE,FALSE,FALSE,FALSE
103432,x-small,low,FALSE,FALSE,FALSE,FALSE,FALSE,TRUE,TRUE
100152,x-large,low,FALSE,FALSE,FALSE,FALSE,FALSE,TRUE,TRUE
101095,x-large,low,FALSE,FALSE,FALSE,FALSE,FALSE,TRUE,TRUE
101261,x-small,high,FALSE,FALSE,FALSE,FALSE,FALSE,FALSE,FALSE
100611,x-large,low,FALSE,FALSE,FALSE,FALSE,FALSE,TRUE,TRUE
103174,x-large,low,FALSE,FALSE,FALSE,FALSE,FALSE,TRUE,TRUE
102357,x-large,low,FALSE,FALSE,FALSE,FALSE,FALSE,TRUE,TRUE
103560,large,low,FALSE,FALSE,FALSE,FALSE,FALSE,FALSE,FALSE
101710,x-large,low,FALSE,FALSE,FALSE,FALSE,FALSE,TRUE,TRUE
101919,medium,low,FALSE,FALSE,FALSE,FALSE,FALSE,TRUE,TRUE
101149,xx-small,low,FALSE,FALSE,FALSE,FALSE,FALSE,TRUE,TRUE
102013,x-small,low,FALSE,FALSE,FALSE,FALSE,FALSE,TRUE,TRUE
102231,small,low,FALSE,FALSE,FALSE,FALSE,FALSE,TRUE,TRUE
100027,x-small,low,FALSE,FALSE,FALSE,FALSE,FALSE,TRUE,TRUE
100038,x-small,low,FALSE,FALSE,FALSE,FALSE,FALSE,TRUE,TRUE
102326,x-large,low,FALSE,FALSE,FALSE,FALSE,FALSE,TRUE,TRUE
103595,medium,low,FALSE,FALSE,FALSE,FALSE,FALSE,TRUE,TRUE
102137,x-large,low,FALSE,FALSE,FALSE,FALSE,FALSE,TRUE,TRUE
103092,large,low,FALSE,FALSE,FALSE,FALSE,FALSE,TRUE,TRUE
102785,x-small,low,FALSE,FALSE,FALSE,FALSE,FALSE,TRUE,TRUE
103094,x-small,low,FALSE,FALSE,FALSE,FALSE,FALSE,TRUE,TRUE
100633,x-large,low,FALSE,FALSE,FALSE,FALSE,FALSE,TRUE,TRUE
102212,xx-small,low,FALSE,FALSE,FALSE,FALSE,FALSE,TRUE,TRUE
100419,x-large,low,FALSE,FALSE,FALSE,FALSE,FALSE,TRUE,TRUE
100626,x-small,low,FALSE,FALSE,FALSE,FALSE,FALSE,TRUE,TRUE
100181,small,low,FALSE,FALSE,FALSE,FALSE,FALSE,TRUE,TRUE
101177,x-large,low,FALSE,FALSE,FALSE,FALSE,FALSE,TRUE,TRUE
101890,xx-large,low,FALSE,FALSE,FALSE,FALSE,FALSE,TRUE,TRUE
102788,x-small,low,FALSE,FALSE,FALSE,FALSE,FALSE,TRUE,TRUE
100388,medium,low,FALSE,FALSE,FALSE,FALSE,FALSE,TRUE,TRUE
101144,medium,low,FALSE,FALSE,FALSE,FALSE,FALSE,TRUE,TRUE
100534,xx-small,low,FALSE,FALSE,FALSE,FALSE,FALSE,TRUE,TRUE
100952,small,low,FALSE,FALSE,FALSE,FALSE,FALSE,TRUE,TRUE
101075,x-large,low,FALSE,FALSE,FALSE,FALSE,FALSE,FALSE,TRUE
101801,x-small,low,FALSE,FALSE,FALSE,FALSE,FALSE,TRUE,TRUE
102226,x-small,low,FALSE,FALSE,FALSE,FALSE,FALSE,TRUE,TRUE
102442,medium,low,FALSE,FALSE,FALSE,FALSE,FALSE,TRUE,TRUE
102680,xx-small,high,FALSE,FALSE,FALSE,FALSE,FALSE,FALSE,FALSE
100655,xx-small,low,FALSE,FALSE,FALSE,FALSE,FALSE,TRUE,TRUE
102738,xx-small,high,FALSE,FALSE,FALSE,FALSE,FALSE,FALSE,FALSE
103235,large,low,FALSE,FALSE,FALSE,FALSE,FALSE,TRUE,TRUE
103310,x-small,low,FALSE,FALSE,FALSE,FALSE,FALSE,TRUE,TRUE
100639,small,low,FALSE,FALSE,FALSE,FALSE,FALSE,TRUE,TRUE
100850,x-small,low,FALSE,FALSE,FALSE,FALSE,FALSE,TRUE,TRUE
101903,x-large,low,FALSE,FALSE,FALSE,FALSE,FALSE,TRUE,TRUE
102698,small,low,FALSE,FALSE,FALSE,FALSE,FALSE,TRUE,TRUE
103349,x-small,low,FALSE,FALSE,FALSE,FALSE,FALSE,TRUE,TRUE
100308,medium,low,FALSE,FALSE,FALSE,FALSE,FALSE,TRUE,TRUE
100887,x-large,low,FALSE,FALSE,FALSE,FALSE,FALSE,TRUE,TRUE
101289,x-small,low,FALSE,FALSE,FALSE,FALSE,FALSE,TRUE,TRUE
102268,x-small,low,FALSE,FALSE,FALSE,FALSE,FALSE,TRUE,FALSE
102385,small,low,FALSE,FALSE,FALSE,FALSE,FALSE,FALSE,FALSE
103190,medium,low,FALSE,FALSE,FALSE,FALSE,FALSE,TRUE,TRUE
101324,medium,low,FALSE,FALSE,FALSE,FALSE,FALSE,TRUE,TRUE
100088,small,low,FALSE,FALSE,FALSE,FALSE,FALSE,TRUE,TRUE
101492,x-large,low,FALSE,FALSE,FALSE,FALSE,FALSE,TRUE,TRUE
102625,large,low,FALSE,FALSE,FALSE,FALSE,FALSE,TRUE,TRUE
100685,x-large,low,FALSE,FALSE,FALSE,FALSE,FALSE,TRUE,TRUE
102215,x-large,low,FALSE,FALSE,FALSE,FALSE,FALSE,TRUE,TRUE
102240,small,low,FALSE,FALSE,FALSE,FALSE,FALSE,TRUE,TRUE
100665,x-small,low,FALSE,FALSE,FALSE,FALSE,FALSE,TRUE,TRUE
102261,large,low,FALSE,FALSE,FALSE,FALSE,FALSE,TRUE,TRUE
102431,small,low,FALSE,FALSE,FALSE,FALSE,FALSE,FALSE,FALSE
102634,x-large,low,FALSE,FALSE,FALSE,FALSE,FALSE,TRUE,TRUE
102958,large,low,FALSE,FALSE,FALSE,FALSE,FALSE,TRUE,TRUE
102936,x-large,low,FALSE,FALSE,FALSE,FALSE,FALSE,TRUE,TRUE
100043,x-small,low,FALSE,FALSE,FALSE,FALSE,FALSE,TRUE,TRUE
101820,medium,low,FALSE,FALSE,FALSE,FALSE,FALSE,TRUE,TRUE
101115,xx-small,low,FALSE,FALSE,FALSE,FALSE,FALSE,TRUE,TRUE
101141,xx-small,low,FALSE,FALSE,FALSE,FALSE,FALSE,TRUE,TRUE
102135,x-small,low,FALSE,FALSE,FALSE,FALSE,FALSE,TRUE,TRUE
102197,x-large,low,FALSE,FALSE,FALSE,FALSE,FALSE,TRUE,TRUE
102870,medium,low,FALSE,FALSE,FALSE,FALSE,FALSE,TRUE,TRUE
102966,x-large,low,FALSE,FALSE,FALSE,FALSE,FALSE,TRUE,TRUE
102472,medium,low,FALSE,FALSE,FALSE,FALSE,FALSE,TRUE,TRUE
102956,x-large,low,FALSE,FALSE,FALSE,FALSE,FALSE,TRUE,TRUE
100604,small,low,FALSE,FALSE,FALSE,FALSE,FALSE,FALSE,FALSE
101856,x-large,low,FALSE,FALSE,FALSE,FALSE,FALSE,TRUE,TRUE
102011,small,low,FALSE,FALSE,FALSE,FALSE,FALSE,TRUE,TRUE
102266,x-large,low,FALSE,FALSE,FALSE,FALSE,FALSE,TRUE,TRUE
100237,medium,low,FALSE,FALSE,FALSE,FALSE,FALSE,TRUE,TRUE
100025,x-small,low,FALSE,FALSE,FALSE,FALSE,FALSE,TRUE,TRUE
101778,xx-large,low,FALSE,FALSE,FALSE,FALSE,FALSE,TRUE,TRUE
101819,xx-small,low,FALSE,FALSE,FALSE,FALSE,FALSE,TRUE,TRUE
102512,small,low,FALSE,FALSE,FALSE,FALSE,FALSE,TRUE,TRUE
101246,xx-large,low,FALSE,FALSE,FALSE,FALSE,FALSE,TRUE,TRUE
102917,x-small,low,FALSE,FALSE,FALSE,FALSE,FALSE,TRUE,TRUE
102975,large,low,FALSE,FALSE,FALSE,FALSE,FALSE,FALSE,FALSE
103128,medium,low,FALSE,FALSE,FALSE,FALSE,FALSE,TRUE,TRUE
103467,x-large,low,FALSE,FALSE,FALSE,FALSE,FALSE,TRUE,TRUE
100425,medium,low,FALSE,FALSE,FALSE,FALSE,FALSE,TRUE,TRUE
101751,x-large,low,FALSE,FALSE,FALSE,FALSE,FALSE,TRUE,TRUE
101841,x-large,low,FALSE,FALSE,FALSE,FALSE,FALSE,TRUE,TRUE
102191,small,low,FALSE,FALSE,FALSE,FALSE,FALSE,TRUE,TRUE
102979,x-large,low,FALSE,FALSE,FALSE,FALSE,FALSE,TRUE,TRUE
101765,medium,low,FALSE,FALSE,FALSE,FALSE,FALSE,TRUE,TRUE
101815,x-small,low,FALSE,FALSE,FALSE,FALSE,FALSE,TRUE,TRUE
101884,x-small,low,FALSE,FALSE,FALSE,FALSE,FALSE,TRUE,TRUE
102382,x-large,low,FALSE,FALSE,FALSE,FALSE,FALSE,TRUE,TRUE
102479,x-large,low,FALSE,FALSE,FALSE,FALSE,FALSE,TRUE,TRUE
103205,x-small,low,FALSE,FALSE,FALSE,FALSE,FALSE,TRUE,TRUE
101355,x-small,low,FALSE,FALSE,FALSE,FALSE,FALSE,TRUE,TRUE
102043,large,low,FALSE,FALSE,FALSE,FALSE,FALSE,TRUE,TRUE
102677,x-large,low,FALSE,FALSE,FALSE,FALSE,FALSE,FALSE,FALSE
101085,x-large,low,FALSE,FALSE,FALSE,FALSE,FALSE,TRUE,TRUE
103224,small,low,FALSE,FALSE,FALSE,FALSE,FALSE,TRUE,TRUE
102648,x-small,low,FALSE,FALSE,FALSE,FALSE,FALSE,TRUE,TRUE
103139,xx-large,low,FALSE,FALSE,FALSE,FALSE,FALSE,TRUE,TRUE
101385,x-large,low,FALSE,FALSE,FALSE,FALSE,FALSE,TRUE,TRUE
102017,xx-large,low,FALSE,FALSE,FALSE,FALSE,FALSE,TRUE,TRUE
102362,x-small,low,FALSE,FALSE,FALSE,FALSE,FALSE,TRUE,TRUE
102697,xx-small,low,FALSE,FALSE,FALSE,FALSE,FALSE,TRUE,TRUE
102822,x-small,low,FALSE,FALSE,FALSE,FALSE,FALSE,TRUE,TRUE
102987,x-large,low,FALSE,FALSE,FALSE,FALSE,FALSE,TRUE,TRUE
102996,x-large,low,FALSE,FALSE,FALSE,FALSE,FALSE,TRUE,TRUE
101822,x-small,low,FALSE,FALSE,FALSE,FALSE,FALSE,TRUE,TRUE
101939,x-small,low,FALSE,FALSE,FALSE,FALSE,FALSE,TRUE,TRUE
100494,small,low,FALSE,FALSE,FALSE,FALSE,FALSE,TRUE,TRUE
101456,x-large,low,FALSE,FALSE,FALSE,FALSE,FALSE,TRUE,TRUE
101957,large,low,FALSE,FALSE,FALSE,FALSE,FALSE,FALSE,FALSE
100060,x-small,low,FALSE,FALSE,FALSE,FALSE,FALSE,TRUE,TRUE
100811,x-large,low,FALSE,FALSE,FALSE,FALSE,FALSE,TRUE,TRUE
102445,x-large,low,FALSE,FALSE,FALSE,FALSE,FALSE,TRUE,TRUE
101001,x-large,low,FALSE,FALSE,FALSE,FALSE,FALSE,TRUE,TRUE
102669,x-small,low,FALSE,FALSE,FALSE,FALSE,FALSE,TRUE,TRUE
103108,x-large,low,FALSE,FALSE,FALSE,FALSE,FALSE,TRUE,TRUE
100564,medium,low,FALSE,FALSE,FALSE,FALSE,FALSE,TRUE,TRUE
102387,small,low,FALSE,FALSE,FALSE,FALSE,FALSE,FALSE,FALSE
102441,xx-large,low,FALSE,FALSE,FALSE,FALSE,FALSE,TRUE,TRUE
100006,x-small,low,FALSE,FALSE,FALSE,FALSE,FALSE,TRUE,TRUE
100285,xx-small,low,FALSE,FALSE,FALSE,FALSE,FALSE,TRUE,TRUE
102800,x-large,low,FALSE,FALSE,FALSE,FALSE,FALSE,FALSE,FALSE
102993,x-large,low,FALSE,FALSE,FALSE,FALSE,FALSE,TRUE,TRUE
103397,x-large,low,FALSE,FALSE,FALSE,FALSE,FALSE,FALSE,TRUE
100287,small,low,FALSE,FALSE,FALSE,FALSE,FALSE,TRUE,TRUE
101471,x-large,low,FALSE,FALSE,FALSE,FALSE,FALSE,TRUE,TRUE
101660,x-small,low,FALSE,FALSE,FALSE,FALSE,FALSE,TRUE,TRUE
101899,medium,low,FALSE,FALSE,FALSE,FALSE,FALSE,TRUE,TRUE
103100,x-small,low,FALSE,FALSE,FALSE,FALSE,FALSE,TRUE,TRUE
103611,medium,low,FALSE,FALSE,FALSE,FALSE,FALSE,TRUE,TRUE
100080,large,low,FALSE,FALSE,FALSE,FALSE,FALSE,TRUE,TRUE
100997,xx-small,low,FALSE,FALSE,FALSE,FALSE,FALSE,TRUE,TRUE
100175,x-small,high,FALSE,FALSE,FALSE,FALSE,FALSE,FALSE,FALSE
102949,x-small,low,FALSE,FALSE,FALSE,FALSE,FALSE,TRUE,FALSE
103498,x-small,low,FALSE,FALSE,FALSE,FALSE,FALSE,TRUE,TRUE
101602,small,low,FALSE,FALSE,FALSE,FALSE,FALSE,TRUE,TRUE
102687,medium,low,FALSE,FALSE,FALSE,FALSE,FALSE,TRUE,TRUE
101443,xx-large,low,FALSE,FALSE,FALSE,FALSE,FALSE,FALSE,TRUE
102163,medium,low,FALSE,FALSE,FALSE,FALSE,FALSE,TRUE,TRUE
103570,large,low,FALSE,FALSE,FALSE,FALSE,FALSE,FALSE,FALSE
103561,small,low,FALSE,FALSE,FALSE,FALSE,FALSE,FALSE,FALSE
101023,x-large,low,FALSE,FALSE,FALSE,FALSE,FALSE,TRUE,TRUE
101374,x-large,low,FALSE,FALSE,FALSE,FALSE,FALSE,TRUE,TRUE
101846,medium,low,FALSE,FALSE,FALSE,FALSE,FALSE,TRUE,TRUE
101437,x-small,low,FALSE,FALSE,FALSE,FALSE,FALSE,TRUE,TRUE
101896,medium,low,FALSE,FALSE,FALSE,FALSE,FALSE,FALSE,FALSE
102533,small,low,FALSE,FALSE,FALSE,FALSE,FALSE,TRUE,TRUE
103244,x-small,low,FALSE,FALSE,FALSE,FALSE,FALSE,TRUE,TRUE
100755,x-large,low,FALSE,FALSE,FALSE,FALSE,FALSE,TRUE,TRUE
101716,xx-small,low,FALSE,FALSE,FALSE,FALSE,FALSE,TRUE,TRUE
102149,x-small,low,FALSE,FALSE,FALSE,FALSE,FALSE,TRUE,TRUE
102281,x-large,low,FALSE,FALSE,FALSE,FALSE,FALSE,TRUE,TRUE
100544,xx-large,low,FALSE,FALSE,FALSE,FALSE,FALSE,TRUE,TRUE
100830,x-large,low,FALSE,FALSE,FALSE,FALSE,FALSE,TRUE,TRUE
101613,x-large,low,FALSE,FALSE,FALSE,FALSE,FALSE,TRUE,TRUE
102094,xx-small,low,FALSE,FALSE,FALSE,FALSE,FALSE,TRUE,TRUE
102379,xx-small,low,FALSE,FALSE,FALSE,FALSE,FALSE,TRUE,TRUE
102515,xx-small,low,FALSE,FALSE,FALSE,FALSE,FALSE,TRUE,TRUE
103075,medium,low,FALSE,FALSE,FALSE,FALSE,FALSE,TRUE,TRUE
100363,xx-small,low,FALSE,FALSE,FALSE,FALSE,FALSE,TRUE,TRUE
100488,xx-large,low,FALSE,FALSE,FALSE,FALSE,FALSE,TRUE,TRUE
101722,x-small,low,FALSE,FALSE,FALSE,FALSE,FALSE,TRUE,TRUE
102582,x-large,low,FALSE,FALSE,FALSE,FALSE,FALSE,TRUE,TRUE
103249,x-small,low,FALSE,FALSE,FALSE,FALSE,FALSE,TRUE,TRUE
100973,x-large,low,FALSE,FALSE,FALSE,FALSE,FALSE,TRUE,TRUE
102558,xx-small,low,FALSE,FALSE,FALSE,FALSE,FALSE,TRUE,TRUE
100433,medium,low,FALSE,FALSE,FALSE,FALSE,FALSE,TRUE,TRUE
102372,xx-small,low,FALSE,FALSE,FALSE,FALSE,FALSE,TRUE,TRUE
102015,x-small,low,FALSE,FALSE,FALSE,FALSE,FALSE,TRUE,TRUE
102521,xx-large,low,FALSE,FALSE,FALSE,FALSE,FALSE,TRUE,TRUE
100543,large,low,FALSE,FALSE,FALSE,FALSE,FALSE,TRUE,TRUE
101183,x-large,low,FALSE,FALSE,FALSE,FALSE,FALSE,TRUE,TRUE
101540,x-small,low,FALSE,FALSE,FALSE,FALSE,FALSE,TRUE,TRUE
100554,x-large,low,FALSE,FALSE,FALSE,FALSE,FALSE,TRUE,TRUE
100808,large,low,FALSE,FALSE,FALSE,FALSE,FALSE,TRUE,TRUE
102490,x-small,low,FALSE,FALSE,FALSE,FALSE,FALSE,TRUE,TRUE
100463,x-small,low,FALSE,FALSE,FALSE,FALSE,FALSE,FALSE,FALSE
100913,xx-large,low,FALSE,FALSE,FALSE,FALSE,FALSE,TRUE,TRUE
102838,xx-large,low,FALSE,FALSE,FALSE,FALSE,FALSE,TRUE,TRUE
100044,x-large,low,FALSE,FALSE,FALSE,FALSE,FALSE,TRUE,TRUE
100581,xx-small,low,FALSE,FALSE,FALSE,FALSE,FALSE,TRUE,TRUE
102439,xx-small,high,FALSE,FALSE,FALSE,FALSE,FALSE,FALSE,FALSE
102505,x-large,low,FALSE,FALSE,FALSE,FALSE,FALSE,TRUE,TRUE
103346,x-large,low,FALSE,FALSE,FALSE,FALSE,FALSE,TRUE,TRUE
101894,x-large,low,FALSE,FALSE,FALSE,FALSE,FALSE,TRUE,TRUE
103086,medium,low,FALSE,FALSE,FALSE,FALSE,FALSE,FALSE,FALSE
103596,large,low,FALSE,FALSE,FALSE,FALSE,FALSE,TRUE,TRUE
100295,small,high,FALSE,FALSE,FALSE,FALSE,FALSE,FALSE,FALSE
100673,xx-small,low,FALSE,FALSE,FALSE,FALSE,FALSE,TRUE,TRUE
102153,medium,low,FALSE,FALSE,FALSE,FALSE,FALSE,TRUE,TRUE
102721,xx-small,low,FALSE,FALSE,FALSE,FALSE,FALSE,TRUE,TRUE
103037,xx-small,low,FALSE,FALSE,FALSE,FALSE,FALSE,TRUE,TRUE
100726,large,low,FALSE,FALSE,FALSE,FALSE,FALSE,TRUE,TRUE
102341,x-large,low,FALSE,FALSE,FALSE,FALSE,FALSE,TRUE,TRUE
100729,medium,low,FALSE,FALSE,FALSE,FALSE,FALSE,TRUE,TRUE
102223,xx-small,low,FALSE,FALSE,FALSE,FALSE,FALSE,TRUE,TRUE
101211,xx-small,low,FALSE,FALSE,FALSE,FALSE,FALSE,TRUE,TRUE
102003,medium,low,FALSE,FALSE,FALSE,FALSE,FALSE,TRUE,TRUE
103281,x-large,low,FALSE,FALSE,FALSE,FALSE,FALSE,TRUE,TRUE
100265,x-large,low,FALSE,FALSE,FALSE,FALSE,FALSE,TRUE,TRUE
103263,x-large,low,FALSE,FALSE,FALSE,FALSE,FALSE,TRUE,TRUE
103536,medium,low,FALSE,FALSE,FALSE,FALSE,FALSE,TRUE,TRUE
100764,x-large,low,FALSE,FALSE,FALSE,FALSE,FALSE,TRUE,TRUE
101032,xx-small,low,FALSE,FALSE,FALSE,FALSE,FALSE,TRUE,TRUE
100932,xx-small,low,FALSE,FALSE,FALSE,FALSE,FALSE,TRUE,TRUE
101276,large,low,FALSE,FALSE,FALSE,FALSE,FALSE,TRUE,TRUE
103201,x-large,low,FALSE,FALSE,FALSE,FALSE,FALSE,TRUE,TRUE
103503,xx-small,low,FALSE,FALSE,FALSE,FALSE,FALSE,TRUE,TRUE
100937,x-large,low,FALSE,FALSE,FALSE,FALSE,FALSE,TRUE,TRUE
102008,x-large,low,FALSE,FALSE,FALSE,FALSE,FALSE,TRUE,TRUE
102345,x-large,low,FALSE,FALSE,FALSE,FALSE,FALSE,TRUE,TRUE
102877,xx-large,low,FALSE,FALSE,FALSE,FALSE,FALSE,TRUE,TRUE
103544,x-large,low,FALSE,FALSE,FALSE,FALSE,FALSE,TRUE,TRUE
103012,x-large,low,FALSE,FALSE,FALSE,FALSE,FALSE,TRUE,TRUE
100323,large,low,FALSE,FALSE,FALSE,FALSE,FALSE,TRUE,TRUE
102285,small,low,FALSE,FALSE,FALSE,FALSE,FALSE,TRUE,TRUE
100793,x-small,low,FALSE,FALSE,FALSE,FALSE,FALSE,FALSE,FALSE
101118,x-small,low,FALSE,FALSE,FALSE,FALSE,FALSE,TRUE,TRUE
101132,small,low,FALSE,FALSE,FALSE,FALSE,FALSE,FALSE,FALSE
101373,x-small,low,FALSE,FALSE,FALSE,FALSE,FALSE,TRUE,TRUE
101656,x-small,low,FALSE,FALSE,FALSE,FALSE,FALSE,TRUE,TRUE
102331,xx-large,low,FALSE,FALSE,FALSE,FALSE,TRUE,TRUE,TRUE
102746,x-small,low,FALSE,FALSE,FALSE,FALSE,FALSE,TRUE,TRUE
103298,x-large,low,FALSE,FALSE,FALSE,FALSE,FALSE,TRUE,TRUE
103621,x-small,low,FALSE,FALSE,FALSE,FALSE,FALSE,TRUE,TRUE
101454,x-small,low,FALSE,FALSE,FALSE,FALSE,FALSE,TRUE,TRUE
101881,x-small,low,FALSE,FALSE,FALSE,FALSE,FALSE,TRUE,TRUE
100849,xx-small,low,FALSE,FALSE,FALSE,FALSE,FALSE,TRUE,TRUE
100053,xx-large,low,FALSE,FALSE,FALSE,FALSE,FALSE,TRUE,TRUE
101259,medium,low,FALSE,FALSE,FALSE,FALSE,FALSE,TRUE,TRUE
102878,medium,low,FALSE,FALSE,FALSE,FALSE,FALSE,FALSE,FALSE
103064,xx-large,low,FALSE,FALSE,FALSE,FALSE,FALSE,TRUE,TRUE
103189,x-large,low,FALSE,FALSE,FALSE,FALSE,FALSE,TRUE,TRUE
100305,xx-small,low,FALSE,FALSE,FALSE,FALSE,FALSE,TRUE,TRUE
100318,x-large,low,FALSE,FALSE,FALSE,FALSE,FALSE,TRUE,TRUE
101057,x-large,low,FALSE,FALSE,FALSE,FALSE,FALSE,TRUE,TRUE
102918,medium,low,FALSE,FALSE,FALSE,FALSE,FALSE,TRUE,TRUE
101241,x-small,low,FALSE,FALSE,FALSE,FALSE,FALSE,TRUE,TRUE
103076,x-large,low,FALSE,FALSE,FALSE,FALSE,FALSE,TRUE,TRUE
102101,x-large,low,FALSE,FALSE,FALSE,FALSE,FALSE,TRUE,TRUE
102685,x-large,low,FALSE,FALSE,FALSE,FALSE,FALSE,TRUE,TRUE
103493,x-small,low,FALSE,FALSE,FALSE,FALSE,FALSE,TRUE,TRUE
100085,small,low,FALSE,FALSE,FALSE,FALSE,FALSE,TRUE,TRUE
102960,xx-small,low,FALSE,FALSE,FALSE,FALSE,FALSE,TRUE,TRUE
100362,x-large,low,FALSE,FALSE,FALSE,FALSE,FALSE,TRUE,TRUE
101093,xx-small,low,FALSE,FALSE,FALSE,FALSE,FALSE,TRUE,TRUE
101313,x-large,low,FALSE,FALSE,FALSE,FALSE,FALSE,TRUE,TRUE
101968,medium,low,FALSE,FALSE,FALSE,FALSE,FALSE,FALSE,FALSE
102887,x-small,low,FALSE,FALSE,FALSE,FALSE,FALSE,TRUE,TRUE
102976,large,low,FALSE,FALSE,FALSE,FALSE,FALSE,TRUE,TRUE
101291,x-large,low,FALSE,FALSE,FALSE,FALSE,FALSE,TRUE,TRUE
103331,x-large,low,FALSE,FALSE,FALSE,FALSE,FALSE,TRUE,TRUE
103605,large,low,FALSE,FALSE,FALSE,FALSE,FALSE,TRUE,TRUE
102972,medium,low,FALSE,FALSE,FALSE,FALSE,FALSE,TRUE,TRUE
103297,x-large,low,FALSE,FALSE,FALSE,FALSE,FALSE,TRUE,TRUE
101643,x-small,low,FALSE,FALSE,FALSE,FALSE,FALSE,FALSE,FALSE
101028,x-small,high,FALSE,FALSE,FALSE,FALSE,FALSE,FALSE,FALSE
101190,xx-small,low,FALSE,FALSE,FALSE,FALSE,FALSE,TRUE,TRUE
102594,x-large,low,FALSE,FALSE,FALSE,FALSE,FALSE,TRUE,TRUE
102674,small,low,FALSE,FALSE,FALSE,FALSE,FALSE,FALSE,FALSE
102492,x-small,low,FALSE,FALSE,FALSE,FALSE,FALSE,TRUE,TRUE
100807,medium,low,FALSE,FALSE,FALSE,FALSE,FALSE,TRUE,TRUE
101639,xx-large,low,FALSE,FALSE,FALSE,FALSE,FALSE,TRUE,TRUE
100040,xx-large,low,FALSE,FALSE,FALSE,FALSE,FALSE,TRUE,TRUE
101311,xx-small,low,FALSE,FALSE,FALSE,FALSE,FALSE,TRUE,TRUE
102368,xx-large,low,FALSE,FALSE,FALSE,FALSE,TRUE,TRUE,TRUE
102563,small,low,FALSE,FALSE,FALSE,FALSE,FALSE,TRUE,TRUE
102873,x-small,low,FALSE,FALSE,FALSE,FALSE,FALSE,TRUE,TRUE
103510,x-small,high,FALSE,FALSE,FALSE,FALSE,FALSE,FALSE,FALSE
101010,xx-small,low,FALSE,FALSE,FALSE,FALSE,FALSE,TRUE,TRUE
102069,x-large,low,FALSE,FALSE,FALSE,FALSE,FALSE,TRUE,TRUE
100449,x-large,low,FALSE,FALSE,FALSE,FALSE,FALSE,TRUE,TRUE
102018,x-small,low,FALSE,FALSE,FALSE,FALSE,FALSE,FALSE,FALSE
102626,medium,low,FALSE,FALSE,FALSE,FALSE,FALSE,TRUE,TRUE
100139,xx-large,low,FALSE,FALSE,FALSE,FALSE,FALSE,TRUE,TRUE
101076,x-small,high,FALSE,FALSE,FALSE,FALSE,FALSE,FALSE,FALSE
101590,x-large,low,FALSE,FALSE,FALSE,FALSE,FALSE,TRUE,TRUE
101895,x-small,low,FALSE,FALSE,FALSE,FALSE,FALSE,TRUE,TRUE
102564,xx-large,low,FALSE,FALSE,FALSE,FALSE,FALSE,TRUE,TRUE
102839,medium,low,FALSE,FALSE,FALSE,FALSE,FALSE,FALSE,FALSE
101563,x-large,low,FALSE,FALSE,FALSE,FALSE,FALSE,TRUE,TRUE
101769,large,low,FALSE,FALSE,FALSE,FALSE,FALSE,TRUE,TRUE
101907,x-small,low,FALSE,FALSE,FALSE,FALSE,FALSE,TRUE,TRUE
102561,medium,low,FALSE,FALSE,FALSE,FALSE,FALSE,TRUE,TRUE
103030,large,low,FALSE,FALSE,FALSE,FALSE,FALSE,TRUE,TRUE
100579,x-large,low,FALSE,FALSE,FALSE,FALSE,FALSE,TRUE,TRUE
101470,xx-small,low,FALSE,FALSE,FALSE,FALSE,FALSE,TRUE,TRUE
103585,x-small,low,FALSE,FALSE,FALSE,FALSE,FALSE,TRUE,TRUE
100309,medium,low,FALSE,FALSE,FALSE,FALSE,FALSE,TRUE,TRUE
102112,x-small,low,FALSE,FALSE,FALSE,FALSE,FALSE,TRUE,TRUE
100399,medium,low,FALSE,FALSE,FALSE,FALSE,FALSE,TRUE,TRUE
100410,medium,low,FALSE,FALSE,FALSE,FALSE,FALSE,TRUE,TRUE
100517,x-large,low,FALSE,FALSE,FALSE,FALSE,FALSE,TRUE,TRUE
101281,x-large,low,FALSE,FALSE,FALSE,FALSE,FALSE,TRUE,TRUE
100575,medium,low,FALSE,FALSE,FALSE,FALSE,FALSE,TRUE,TRUE
102172,xx-large,low,FALSE,FALSE,FALSE,FALSE,FALSE,TRUE,TRUE
103436,large,low,FALSE,FALSE,FALSE,FALSE,FALSE,TRUE,TRUE
100033,x-small,low,FALSE,FALSE,FALSE,FALSE,FALSE,TRUE,TRUE
101104,xx-small,low,FALSE,FALSE,FALSE,FALSE,FALSE,TRUE,TRUE
101392,large,low,FALSE,FALSE,FALSE,FALSE,FALSE,TRUE,TRUE
101869,x-large,low,FALSE,FALSE,FALSE,FALSE,FALSE,TRUE,TRUE
100142,x-large,low,FALSE,FALSE,FALSE,FALSE,FALSE,TRUE,TRUE
100893,x-small,low,FALSE,FALSE,FALSE,FALSE,FALSE,TRUE,TRUE
101513,xx-large,low,FALSE,FALSE,FALSE,FALSE,FALSE,TRUE,TRUE
102640,x-large,low,FALSE,FALSE,FALSE,FALSE,FALSE,FALSE,FALSE
100003,x-large,low,FALSE,FALSE,FALSE,FALSE,FALSE,TRUE,TRUE
101510,small,low,FALSE,FALSE,FALSE,FALSE,FALSE,FALSE,FALSE
103634,x-large,low,FALSE,FALSE,FALSE,FALSE,FALSE,TRUE,TRUE
100198,x-small,low,FALSE,FALSE,FALSE,FALSE,FALSE,TRUE,TRUE
101321,x-small,low,FALSE,FALSE,FALSE,FALSE,FALSE,TRUE,TRUE
103246,x-large,low,FALSE,FALSE,FALSE,FALSE,FALSE,TRUE,TRUE
100507,xx-small,low,FALSE,FALSE,FALSE,FALSE,FALSE,TRUE,TRUE
101150,small,low,FALSE,FALSE,FALSE,FALSE,FALSE,TRUE,TRUE
101176,medium,low,FALSE,FALSE,FALSE,FALSE,FALSE,TRUE,TRUE
101357,xx-small,low,FALSE,FALSE,FALSE,FALSE,FALSE,TRUE,TRUE
102968,x-small,low,FALSE,FALSE,FALSE,FALSE,FALSE,TRUE,TRUE
100889,x-small,low,FALSE,FALSE,FALSE,FALSE,FALSE,TRUE,TRUE
101044,small,low,FALSE,FALSE,FALSE,FALSE,FALSE,FALSE,FALSE
101791,medium,low,FALSE,FALSE,FALSE,FALSE,FALSE,TRUE,TRUE
102962,x-large,low,FALSE,FALSE,FALSE,FALSE,FALSE,TRUE,TRUE
100046,xx-small,low,FALSE,FALSE,FALSE,FALSE,FALSE,FALSE,FALSE
100619,medium,low,FALSE,FALSE,FALSE,FALSE,FALSE,TRUE,TRUE
100860,xx-small,low,FALSE,FALSE,FALSE,FALSE,FALSE,TRUE,TRUE
101101,x-large,low,FALSE,FALSE,FALSE,FALSE,FALSE,TRUE,TRUE
102937,xx-small,low,FALSE,FALSE,FALSE,FALSE,FALSE,TRUE,TRUE
100313,x-small,low,FALSE,FALSE,FALSE,FALSE,FALSE,TRUE,TRUE
100998,small,low,FALSE,FALSE,FALSE,FALSE,FALSE,TRUE,TRUE
101455,x-large,low,FALSE,FALSE,FALSE,FALSE,FALSE,TRUE,TRUE
102864,xx-small,low,FALSE,FALSE,FALSE,FALSE,FALSE,TRUE,TRUE
100342,small,low,FALSE,FALSE,FALSE,FALSE,FALSE,TRUE,TRUE
100652,x-large,low,FALSE,FALSE,FALSE,FALSE,FALSE,TRUE,TRUE
103188,xx-large,low,FALSE,FALSE,FALSE,FALSE,FALSE,TRUE,TRUE
101111,large,low,FALSE,FALSE,FALSE,FALSE,FALSE,TRUE,TRUE
101637,x-large,low,FALSE,FALSE,FALSE,FALSE,FALSE,TRUE,TRUE
101681,x-large,low,FALSE,FALSE,FALSE,FALSE,FALSE,TRUE,TRUE
103324,xx-small,high,FALSE,FALSE,FALSE,FALSE,FALSE,FALSE,FALSE
101008,x-small,low,FALSE,FALSE,FALSE,FALSE,FALSE,TRUE,TRUE
101885,medium,low,FALSE,FALSE,FALSE,FALSE,FALSE,TRUE,TRUE
102040,x-small,low,FALSE,FALSE,FALSE,FALSE,FALSE,TRUE,TRUE
101935,xx-small,low,FALSE,FALSE,FALSE,FALSE,FALSE,TRUE,TRUE
101988,x-small,low,FALSE,FALSE,FALSE,FALSE,FALSE,TRUE,TRUE
103245,xx-large,low,FALSE,FALSE,FALSE,FALSE,FALSE,TRUE,TRUE
100288,x-small,low,FALSE,FALSE,FALSE,FALSE,FALSE,TRUE,TRUE
100008,x-small,low,FALSE,FALSE,FALSE,FALSE,FALSE,TRUE,TRUE
100594,x-small,low,FALSE,FALSE,FALSE,FALSE,FALSE,TRUE,TRUE
101972,xx-small,low,FALSE,FALSE,FALSE,FALSE,FALSE,TRUE,TRUE
101980,large,low,FALSE,FALSE,FALSE,FALSE,FALSE,TRUE,TRUE
102700,small,high,FALSE,FALSE,FALSE,FALSE,FALSE,FALSE,FALSE
103411,xx-small,low,FALSE,FALSE,FALSE,FALSE,FALSE,TRUE,TRUE
101516,x-small,low,FALSE,FALSE,FALSE,FALSE,FALSE,TRUE,TRUE
103026,x-small,low,FALSE,FALSE,FALSE,FALSE,FALSE,TRUE,FALSE
100036,large,low,FALSE,FALSE,FALSE,FALSE,FALSE,TRUE,TRUE
100566,x-large,low,FALSE,FALSE,FALSE,FALSE,FALSE,TRUE,TRUE
101764,medium,low,FALSE,FALSE,FALSE,FALSE,FALSE,FALSE,FALSE
102805,x-small,low,FALSE,FALSE,FALSE,FALSE,FALSE,TRUE,TRUE
103033,large,low,FALSE,FALSE,FALSE,FALSE,FALSE,TRUE,TRUE
102036,x-large,low,FALSE,FALSE,FALSE,FALSE,FALSE,TRUE,TRUE
101003,medium,low,FALSE,FALSE,FALSE,FALSE,FALSE,TRUE,TRUE
101037,medium,low,FALSE,FALSE,FALSE,FALSE,FALSE,TRUE,TRUE
100684,x-small,low,FALSE,FALSE,FALSE,FALSE,FALSE,TRUE,TRUE
101987,x-large,low,FALSE,FALSE,FALSE,FALSE,FALSE,TRUE,TRUE
103088,x-small,low,FALSE,FALSE,FALSE,FALSE,FALSE,TRUE,TRUE
100532,xx-small,low,FALSE,FALSE,FALSE,FALSE,FALSE,TRUE,TRUE
103035,medium,low,FALSE,FALSE,FALSE,FALSE,FALSE,TRUE,TRUE
103048,x-small,low,FALSE,FALSE,FALSE,FALSE,FALSE,TRUE,TRUE
103307,xx-large,low,FALSE,FALSE,FALSE,FALSE,TRUE,TRUE,TRUE
100654,xx-small,high,FALSE,FALSE,FALSE,FALSE,FALSE,FALSE,FALSE
101796,small,low,FALSE,FALSE,FALSE,FALSE,FALSE,TRUE,TRUE
102554,x-large,low,FALSE,FALSE,FALSE,FALSE,FALSE,TRUE,TRUE
103428,x-small,low,FALSE,FALSE,FALSE,FALSE,FALSE,TRUE,TRUE
103633,x-large,low,FALSE,FALSE,FALSE,FALSE,FALSE,TRUE,TRUE
101533,small,low,FALSE,FALSE,FALSE,FALSE,FALSE,TRUE,TRUE
102892,x-small,low,FALSE,FALSE,FALSE,FALSE,FALSE,TRUE,TRUE
102453,medium,low,FALSE,FALSE,FALSE,FALSE,FALSE,TRUE,TRUE
103424,xx-small,low,FALSE,FALSE,FALSE,FALSE,FALSE,TRUE,TRUE
103425,xx-large,low,FALSE,FALSE,FALSE,FALSE,FALSE,TRUE,TRUE
100374,x-large,low,FALSE,FALSE,FALSE,FALSE,FALSE,TRUE,TRUE
102751,x-small,low,FALSE,FALSE,FALSE,FALSE,FALSE,TRUE,TRUE
103114,x-small,low,FALSE,FALSE,FALSE,FALSE,FALSE,TRUE,TRUE
103465,x-large,low,FALSE,FALSE,FALSE,FALSE,FALSE,TRUE,TRUE
100563,xx-large,low,FALSE,FALSE,FALSE,FALSE,FALSE,TRUE,TRUE
102253,x-large,low,FALSE,FALSE,FALSE,FALSE,FALSE,TRUE,TRUE
103140,x-large,low,FALSE,FALSE,FALSE,FALSE,FALSE,TRUE,TRUE
102952,xx-small,low,FALSE,FALSE,FALSE,FALSE,FALSE,TRUE,TRUE
101467,x-large,low,FALSE,FALSE,FALSE,FALSE,FALSE,TRUE,TRUE
102143,x-small,high,FALSE,FALSE,FALSE,FALSE,FALSE,FALSE,FALSE
102178,x-large,low,FALSE,FALSE,FALSE,FALSE,FALSE,TRUE,TRUE
100191,x-large,low,FALSE,FALSE,FALSE,FALSE,FALSE,TRUE,TRUE
100805,xx-large,low,FALSE,FALSE,FALSE,FALSE,TRUE,TRUE,TRUE
101409,medium,low,FALSE,FALSE,FALSE,FALSE,FALSE,TRUE,TRUE
102668,x-small,low,FALSE,FALSE,FALSE,FALSE,FALSE,TRUE,TRUE
100421,medium,low,FALSE,FALSE,FALSE,FALSE,FALSE,TRUE,TRUE
102440,x-large,low,FALSE,FALSE,FALSE,FALSE,FALSE,TRUE,TRUE
103502,xx-small,low,FALSE,FALSE,FALSE,FALSE,FALSE,TRUE,TRUE
101040,xx-small,low,FALSE,FALSE,FALSE,FALSE,FALSE,TRUE,TRUE
102499,x-small,low,FALSE,FALSE,FALSE,FALSE,FALSE,TRUE,TRUE
100189,large,low,FALSE,FALSE,FALSE,FALSE,FALSE,TRUE,TRUE
103373,xx-large,low,FALSE,FALSE,FALSE,FALSE,FALSE,FALSE,TRUE
100336,x-large,low,FALSE,FALSE,FALSE,FALSE,FALSE,TRUE,TRUE
100525,x-small,low,FALSE,FALSE,FALSE,FALSE,FALSE,TRUE,TRUE
101676,xx-small,low,FALSE,FALSE,FALSE,FALSE,FALSE,TRUE,TRUE
102573,x-small,low,FALSE,FALSE,FALSE,FALSE,FALSE,TRUE,TRUE
101338,x-large,low,FALSE,FALSE,FALSE,FALSE,FALSE,FALSE,TRUE
101877,x-small,low,FALSE,FALSE,FALSE,FALSE,FALSE,TRUE,TRUE
101974,xx-small,low,FALSE,FALSE,FALSE,FALSE,FALSE,TRUE,TRUE
102360,xx-small,low,FALSE,FALSE,FALSE,FALSE,FALSE,TRUE,TRUE
102519,medium,low,FALSE,FALSE,FALSE,FALSE,FALSE,TRUE,TRUE
100304,x-large,low,FALSE,FALSE,FALSE,FALSE,FALSE,TRUE,TRUE
100537,large,low,FALSE,FALSE,FALSE,FALSE,FALSE,TRUE,TRUE
100705,medium,low,FALSE,FALSE,FALSE,FALSE,FALSE,TRUE,TRUE
102470,x-small,low,FALSE,FALSE,FALSE,FALSE,FALSE,TRUE,FALSE
100512,x-large,low,FALSE,FALSE,FALSE,FALSE,FALSE,TRUE,TRUE
100924,x-large,low,FALSE,FALSE,FALSE,FALSE,FALSE,FALSE,FALSE
101594,xx-large,low,FALSE,FALSE,FALSE,FALSE,FALSE,TRUE,TRUE
102136,x-large,low,FALSE,FALSE,FALSE,FALSE,FALSE,TRUE,TRUE
103277,medium,low,FALSE,FALSE,FALSE,FALSE,FALSE,TRUE,TRUE
101030,x-small,low,FALSE,FALSE,FALSE,FALSE,FALSE,TRUE,TRUE
101959,large,low,FALSE,FALSE,FALSE,FALSE,FALSE,TRUE,TRUE
102486,large,low,FALSE,FALSE,FALSE,FALSE,FALSE,TRUE,TRUE
103321,x-large,low,FALSE,FALSE,FALSE,FALSE,FALSE,TRUE,TRUE
102255,x-small,low,FALSE,FALSE,FALSE,FALSE,FALSE,TRUE,TRUE
100297,x-large,low,FALSE,FALSE,FALSE,FALSE,FALSE,TRUE,TRUE
101523,xx-small,low,FALSE,FALSE,FALSE,FALSE,FALSE,TRUE,TRUE
100017,medium,low,FALSE,FALSE,FALSE,FALSE,FALSE,TRUE,TRUE
101208,medium,low,FALSE,FALSE,FALSE,FALSE,FALSE,TRUE,TRUE
100709,large,low,FALSE,FALSE,FALSE,FALSE,FALSE,TRUE,TRUE
100978,medium,low,FALSE,FALSE,FALSE,FALSE,FALSE,TRUE,TRUE
101633,x-small,low,FALSE,FALSE,FALSE,FALSE,FALSE,TRUE,TRUE
102056,small,low,FALSE,FALSE,FALSE,FALSE,FALSE,FALSE,FALSE
102247,small,low,FALSE,FALSE,FALSE,FALSE,FALSE,TRUE,TRUE
102414,xx-small,low,FALSE,FALSE,FALSE,FALSE,FALSE,TRUE,TRUE
102430,x-large,low,FALSE,FALSE,FALSE,FALSE,FALSE,TRUE,TRUE
100325,small,low,FALSE,FALSE,FALSE,FALSE,FALSE,TRUE,TRUE
100489,x-large,low,FALSE,FALSE,FALSE,FALSE,FALSE,TRUE,TRUE
100618,xx-small,high,FALSE,FALSE,FALSE,FALSE,FALSE,FALSE,FALSE
101301,large,low,FALSE,FALSE,FALSE,FALSE,FALSE,TRUE,TRUE
100522,x-large,low,FALSE,FALSE,FALSE,FALSE,FALSE,TRUE,TRUE
102022,xx-small,low,FALSE,FALSE,FALSE,FALSE,FALSE,TRUE,TRUE
102546,x-large,low,FALSE,FALSE,FALSE,FALSE,FALSE,TRUE,TRUE
102699,x-large,low,FALSE,FALSE,FALSE,FALSE,FALSE,TRUE,TRUE
102752,x-small,low,FALSE,FALSE,FALSE,FALSE,FALSE,TRUE,TRUE
102903,x-small,low,FALSE,FALSE,FALSE,FALSE,FALSE,TRUE,TRUE
103391,x-small,low,FALSE,FALSE,FALSE,FALSE,FALSE,TRUE,TRUE
100064,x-small,low,FALSE,FALSE,FALSE,FALSE,FALSE,TRUE,TRUE
100888,xx-large,low,FALSE,FALSE,FALSE,FALSE,FALSE,TRUE,TRUE
100716,x-large,low,FALSE,FALSE,FALSE,FALSE,FALSE,FALSE,TRUE
101812,x-large,low,FALSE,FALSE,FALSE,FALSE,FALSE,TRUE,TRUE
101840,xx-large,low,FALSE,FALSE,FALSE,FALSE,FALSE,TRUE,TRUE
101596,x-large,low,FALSE,FALSE,FALSE,FALSE,FALSE,FALSE,TRUE
102019,small,low,FALSE,FALSE,FALSE,FALSE,FALSE,FALSE,FALSE
102497,medium,low,FALSE,FALSE,FALSE,FALSE,FALSE,TRUE,TRUE
102603,x-large,low,FALSE,FALSE,FALSE,FALSE,FALSE,TRUE,TRUE
102882,x-large,low,FALSE,FALSE,FALSE,FALSE,FALSE,TRUE,TRUE
101328,medium,low,FALSE,FALSE,FALSE,FALSE,FALSE,TRUE,TRUE
102286,x-large,low,FALSE,FALSE,FALSE,FALSE,FALSE,FALSE,FALSE
102314,x-large,low,FALSE,FALSE,FALSE,FALSE,FALSE,TRUE,TRUE
100149,xx-large,low,FALSE,FALSE,FALSE,FALSE,FALSE,TRUE,TRUE
100283,x-small,low,FALSE,FALSE,FALSE,FALSE,FALSE,TRUE,TRUE
102308,x-small,low,FALSE,FALSE,FALSE,FALSE,FALSE,TRUE,TRUE
100216,x-large,low,FALSE,FALSE,FALSE,FALSE,FALSE,TRUE,TRUE
100272,xx-small,low,FALSE,FALSE,FALSE,FALSE,FALSE,TRUE,TRUE
100490,xx-small,low,FALSE,FALSE,FALSE,FALSE,FALSE,TRUE,TRUE
101795,medium,low,FALSE,FALSE,FALSE,FALSE,FALSE,FALSE,FALSE
102696,small,low,FALSE,FALSE,FALSE,FALSE,FALSE,TRUE,TRUE
103417,small,low,FALSE,FALSE,FALSE,FALSE,FALSE,TRUE,TRUE
103496,large,low,FALSE,FALSE,FALSE,FALSE,FALSE,TRUE,TRUE
101694,x-small,low,FALSE,FALSE,FALSE,FALSE,FALSE,TRUE,TRUE
102081,xx-small,low,FALSE,FALSE,FALSE,FALSE,FALSE,TRUE,TRUE
103215,x-large,low,FALSE,FALSE,FALSE,FALSE,FALSE,TRUE,TRUE
103454,small,low,FALSE,FALSE,FALSE,FALSE,FALSE,TRUE,TRUE
100182,x-small,low,FALSE,FALSE,FALSE,FALSE,FALSE,TRUE,TRUE
101746,x-small,low,FALSE,FALSE,FALSE,FALSE,FALSE,TRUE,TRUE
101749,small,low,FALSE,FALSE,FALSE,FALSE,FALSE,TRUE,TRUE
102099,medium,low,FALSE,FALSE,FALSE,FALSE,FALSE,TRUE,TRUE
101931,x-large,low,FALSE,FALSE,FALSE,FALSE,FALSE,TRUE,TRUE
102504,x-large,low,FALSE,FALSE,FALSE,FALSE,FALSE,FALSE,TRUE
100427,x-large,low,FALSE,FALSE,FALSE,FALSE,FALSE,TRUE,TRUE
102639,x-large,low,FALSE,FALSE,FALSE,FALSE,FALSE,TRUE,TRUE
101499,x-small,low,FALSE,FALSE,FALSE,FALSE,FALSE,TRUE,TRUE
101612,xx-small,high,FALSE,FALSE,FALSE,FALSE,FALSE,FALSE,FALSE
102325,x-large,low,FALSE,FALSE,FALSE,FALSE,FALSE,TRUE,TRUE
102948,small,low,FALSE,FALSE,FALSE,FALSE,FALSE,TRUE,TRUE
101187,x-small,low,FALSE,FALSE,FALSE,FALSE,FALSE,TRUE,TRUE
102695,small,low,FALSE,FALSE,FALSE,FALSE,FALSE,TRUE,TRUE
100948,x-large,low,FALSE,FALSE,FALSE,FALSE,FALSE,FALSE,TRUE
101161,x-small,low,FALSE,FALSE,FALSE,FALSE,FALSE,TRUE,TRUE
101550,x-small,low,FALSE,FALSE,FALSE,FALSE,FALSE,FALSE,FALSE
102363,x-large,low,FALSE,FALSE,FALSE,FALSE,FALSE,TRUE,TRUE
103577,x-large,low,FALSE,FALSE,FALSE,FALSE,FALSE,TRUE,TRUE
100819,small,low,FALSE,FALSE,FALSE,FALSE,FALSE,TRUE,TRUE
101247,medium,low,FALSE,FALSE,FALSE,FALSE,FALSE,TRUE,TRUE
101317,x-large,low,FALSE,FALSE,FALSE,FALSE,FALSE,TRUE,TRUE
102012,large,low,FALSE,FALSE,FALSE,FALSE,FALSE,TRUE,TRUE
102126,x-small,low,FALSE,FALSE,FALSE,FALSE,FALSE,TRUE,TRUE
102642,x-large,low,FALSE,FALSE,FALSE,FALSE,FALSE,TRUE,TRUE
101210,x-small,low,FALSE,FALSE,FALSE,FALSE,FALSE,TRUE,TRUE
101013,medium,low,FALSE,FALSE,FALSE,FALSE,FALSE,FALSE,FALSE
101457,x-large,low,FALSE,FALSE,FALSE,FALSE,FALSE,FALSE,TRUE
101989,x-small,low,FALSE,FALSE,FALSE,FALSE,FALSE,TRUE,TRUE
100995,x-small,low,FALSE,FALSE,FALSE,FALSE,FALSE,TRUE,TRUE
101784,large,low,FALSE,FALSE,FALSE,FALSE,FALSE,TRUE,TRUE
101854,xx-small,low,FALSE,FALSE,FALSE,FALSE,FALSE,TRUE,TRUE
101918,x-large,low,FALSE,FALSE,FALSE,FALSE,FALSE,TRUE,TRUE
103517,x-large,low,FALSE,FALSE,FALSE,FALSE,FALSE,TRUE,TRUE
100021,x-small,low,FALSE,FALSE,FALSE,FALSE,FALSE,TRUE,TRUE
100481,medium,low,FALSE,FALSE,FALSE,FALSE,FALSE,TRUE,TRUE
100801,xx-small,low,FALSE,FALSE,FALSE,FALSE,FALSE,TRUE,TRUE
101591,x-large,low,FALSE,FALSE,FALSE,FALSE,FALSE,TRUE,TRUE
102588,xx-small,low,FALSE,FALSE,FALSE,FALSE,FALSE,TRUE,TRUE
102641,x-small,low,FALSE,FALSE,FALSE,FALSE,FALSE,TRUE,TRUE
103047,small,low,FALSE,FALSE,FALSE,FALSE,FALSE,FALSE,FALSE
101064,x-small,low,FALSE,FALSE,FALSE,FALSE,FALSE,TRUE,TRUE
101316,large,low,FALSE,FALSE,FALSE,FALSE,FALSE,TRUE,TRUE
101793,x-large,low,FALSE,FALSE,FALSE,FALSE,FALSE,TRUE,TRUE
102924,x-large,low,FALSE,FALSE,FALSE,FALSE,FALSE,TRUE,TRUE
101218,xx-small,low,FALSE,FALSE,FALSE,FALSE,FALSE,TRUE,TRUE
101459,xx-large,low,FALSE,FALSE,FALSE,FALSE,TRUE,TRUE,TRUE
102373,x-small,low,FALSE,FALSE,FALSE,FALSE,FALSE,TRUE,TRUE
102652,x-small,low,FALSE,FALSE,FALSE,FALSE,FALSE,TRUE,TRUE
103218,small,high,FALSE,FALSE,FALSE,FALSE,FALSE,FALSE,FALSE
103501,x-large,low,FALSE,FALSE,FALSE,FALSE,FALSE,TRUE,TRUE
102449,x-small,low,FALSE,FALSE,FALSE,FALSE,FALSE,TRUE,TRUE
103184,small,low,FALSE,FALSE,FALSE,FALSE,FALSE,TRUE,TRUE
